Title ID,No-Intro Title
00030004484E4745,Nintendo DSi Browser
00030004484E474A,Nintendo DSi Browser
00030004484E4750,Nintendo DSi Browser
00030004484E4755,Nintendo DSi Browser
000300044B323245,California Super Sports
000300044B323250,California Super Sports
000300044B32344A,3 Punten Katou Itsu - Nishinihon Sengoku Quiz He
000300044B323545,G.G Series - Air Pinball Hockey
000300044B32354A,G.G Shirizu - Air Pinball Hockey
000300044B323745,G.G Series - All Breaker
000300044B32374A,G.G Shirizu - All Breaker
000300044B323945,Fishdom
000300044B323950,Fishdom
000300044B324145,WordJong Arcade
000300044B324345,G.G Series - Drift Circuit
000300044B32434A,G.G Shirizu - Drift Circuit
000300044B32434B,G.G Sirijeu - Drift Circuit
000300044B324545,Easter Eggztravaganza
000300044B324550,Easter Eggztravaganza
000300044B324645,Smart Girl's Playhouse Mini
000300044B32474A,DodoGo! - Sukue! Rakuen No Tamago
000300044B324756,DodoGo!
000300044B324A45,Cake Ninja
000300044B324A50,Cake Ninja
000300044B324B4A,Aa! Nikaku Dori
000300044B324C43,Zaojiao Lewan Wo Di Tonghua Huiben - Xiaohai Tu Di Gushi
000300044B324D4A,Ginsei Tsume-Shougi
000300044B324E45,Cake Ninja 2
000300044B324E50,Cake Ninja 2
000300044B324F45,505 Tangram
000300044B324F4A,505 Tangram
000300044B324F50,505 Tangram
000300044B325050,2Puzzle It - Fantasy
000300044B325245,Primrose
000300044B325250,Primrose
000300044B325345,Anne's Doll Studio - Princess Collection
000300044B32534A,Atorie Deko Ra Doru - Purinsesu
000300044B325350,Anne's Doll Studio - Princess Collection
000300044B325445,B Team - Episode 1 Dust and Steel
000300044B325545,Spot It! Mean Machines
000300044B325745,Christmas Wonderland 2
000300044B325750,Christmas Wonderland 2
000300044B325856,AlphaBounce
000300044B325950,Disney Fireworks
000300044B325A45,G.G Series - Altered Weapon
000300044B325A4A,G.G Shirizu - Variable Arms
000300044B333245,CuteWitch! Runner
000300044B333250,CuteWitch! Runner
000300044B333445,"Topsy Turvy Life, A - The Turvys Strike Back"
000300044B33344A,Are + DSi Sakasadesukedo - Gyaku Shutengu
000300044B333450,"Topsy Turvy Life, A - The Turvys Strike Back"
000300044B333545,Defense of the Middle Kingdom
000300044B33354A,Sangoku Shi Tawa Defunsu - Doushou Teppeki
000300044B333645,Jewel Quest 5 - The Sleepless Star
000300044B333656,Jewel Quest 5 - The Sleepless Star
000300044B33424A,3 Punten Katou Itsu - Bakumatsu Quiz He
000300044B334345,3D Twist Match
000300044B33444A,Keisa 100 Renda
000300044B33464A,Sangoku Daifugou
000300044B334745,Go! Go! Kokopolo
000300044B33474A,Go! Go! Kokopolo
000300044B334750,Go! Go! Kokopolo
000300044B33484A,Kazu De Asobu - Mahoujin To Imeji Kei-san
000300044B33484B,Sutjarang Nolja! - Maejikseukweeowa Imijigyesan
000300044B334A45,iSpot Japan
000300044B334A50,iSpot Japan
000300044B334C4A,Tsukutte Utau Saru Bando
000300044B334D45,"Topsy Turvy Life, A - Turvy Drops"
000300044B334D4A,Are + DSi Sakasadesukedo - Sakasa Doroppusu
000300044B334D50,"Topsy Turvy Life, A - Turvy Drops"
000300044B334E45,Captain Sub - GO Series
000300044B334E4A,Otakara Hanta - Sabumarin Kiddo no Bouken
000300044B334E50,Captain Sub - GO Series
000300044B334F45,G.G Series - Throw Out
000300044B334F4A,G.G Series - Throw Out
000300044B33504A,Sakurai Miho No Kouun No - Me Ga Mi Serapi Uranai
000300044B33514A,Atesuto ni Narou! - Kigaru ni Suketchi
000300044B335345,Slingo Supreme
000300044B33544A,Otona no Tame no - Kei-san Toreningu DS
000300044B33544B,Sun-Ganui Gyesan! - Dunoehoejeoni Ppallajineun Gyesan Training
000300044B335550,3D Twist Match
000300044B335645,Surviving High School
000300044B335656,Surviving High School
000300044B335845,Real Soccer 2010
000300044B33584B,Rieol Sakeo 2010
000300044B335856,Real Football 2010
000300044B335945,3 Heroes - Crystal Soul
000300044B33594A,Suri Hirozu - Kurisutaru Souru
000300044B335956,3 Heroes - Crystal Soul
000300044B343245,Elite Forces Unit 77
000300044B343250,Elite Forces Unit 77
000300044B343345,Jewel Quest 4 Heritage
000300044B343350,Jewel Quest 4 Heritage
000300044B343545,40-in-1 - Explosive Megamix
000300044B343550,40-in-1 - Explosive Megamix
000300044B34364A,Depuakuariumu - Kiseki No Shinkai
000300044B34374A,Kyou Hanan no hi Hyakka - Hyakkajiten Maipedea Yori
000300044B34384A,Rika Quiz Shougaku Sei - Seibutsu Chigaku He
000300044B34394A,Jukugo Quiz
000300044B344245,Arcade Bowling
000300044B344345,Just Sing! - Christmas Songs
000300044B344350,Just Sing! - Christmas Songs
000300044B344445,Sudoku
000300044B344456,Sudoku
000300044B344545,Treasure Hunter X
000300044B34454A,Fall in the Dark
000300044B344550,Treasure Hunter X
000300044B344645,Sudoku 4Pockets
000300044B344650,Sudoku 4Pockets
000300044B34474A,At Shougi - Charenjisupirittsu
000300044B344845,Hero of Sparta
000300044B34484A,Hero bu Sparta
000300044B34484B,Hero obeu Sparta
000300044B344856,Hero of Sparta
000300044B344945,24-7 Solitaire
000300044B34494A,Soritea Korekusho
000300044B344950,24-7 Solitaire
000300044B344A45,Simply Mahjong
000300044B344A50,Simply Mahjong
000300044B344B45,Flametail
000300044B344B4A,Moyasu Pazuru - Fureimuteiru
000300044B344B56,Trailblaze - Puzzle Incinerator
000300044B344C45,Simply Solitaire
000300044B344C50,Simply Solitaire
000300044B344E45,Snakenoid Deluxe
000300044B344E50,Snakenoid
000300044B344F4A,Shikakui Atama wo Maruku Suru - Hime Kuri Calendar DS
000300044B345045,Super Yum Yum - Puzzle Adventures
000300044B345056,Super Yum Yum - Puzzle Adventures
000300044B345145,Academy Checkers
000300044B345150,Academy Checkers
000300044B345245,Furry Legends
000300044B34524A,Furi Rejinzu
000300044B345250,Furry Legends
000300044B345345,Sudoku Sensei
000300044B345356,Sudoku Sensei
000300044B345445,Foto Face - The Face Stealer Strikes
000300044B345456,Foto Face - The Face Stealer Strikes
000300044B345745,Super Swap
000300044B345750,Super Swap
000300044B345945,101 Shark Pets
000300044B345950,101 Shark Pets
000300044B345A45,101 Dolphin Pets
000300044B345A50,101 Dolphin Pets
000300044B353445,Anne's Doll Studio - Gothic Collection
000300044B35344A,Atorie Deko Ra Doru - Goshikku
000300044B35364A,Koropata
000300044B353943,Eewuqing Chanuo
000300044B353945,Metal Torrent
000300044B35394A,A Mujou Setsuna
000300044B35394B,Syutingseutom
000300044B353956,Metal Torrent
000300044B354145,Rhythm Core Alpha
000300044B354156,Rhythm Core Alpha
000300044B354245,Lost Treasures of Alexandria
000300044B354250,Lost Treasures of Alexandria
000300044B354345,Letter Challenge
000300044B354445,G.G Series - Cosmo Rally!!
000300044B35444A,G.G Shirizu - Uchuu Resu
000300044B354545,G.G Series - Hero Puzzle
000300044B35454A,G.G Shirizu - Yuu Sha Pazuru
000300044B354645,G.G Series - Run Strike
000300044B35464A,G.G Shirizu - Run Strike
000300044B354745,G.G Series - Score Attacker
000300044B35474A,G.G Shirizu - Score Attacker
000300044B354845,Ah! Heaven
000300044B354850,Ah! Heaven
000300044B354945,5 in 1 Solitaire
000300044B354950,5 in 1 Solitaire
000300044B354A45,G.G Series - The Hidden Ninja Kagemaru
000300044B354A4A,G.G Shirizu - Kakure Ninja Kagemaru
000300044B354B45,Escape Trick - Convenience Store
000300044B354B4A,Simple DS Shirizu Vol. 5 - The Misshitsukara no Dasshutsu
000300044B354B50,Escape Trick - Convenience Store
000300044B354C45,Forgotten Legions
000300044B354C50,Forgotten Legions
000300044B354D45,G.G Series - The Last Knight
000300044B354D4A,G.G Shirizu - The Last Knight
000300044B354E45,G.G Series - The Spiky Blowfish
000300044B354E4A,G.G Shirizu - Harise Bon!
000300044B354F45,G.G Series - Vector
000300044B354F4A,G.G Shirizu - Bekutoru
000300044B355045,Penguin Patrol
000300044B355145,Escape Trick
000300044B35514A,Simple DS Shirizu Vol. 3 - The Misshitsukara no Dasshutsu
000300044B355150,Escape Trick - Rock City Prison
000300044B35524A,3450 Arugo
000300044B35544A,Sengoku Tactics
000300044B355545,Crazy Train
000300044B355650,Puzzle Fever
000300044B363445,Battle of Giants - Mutant Insects - Revenge
000300044B363456,Combat of Giants - Mutant Insects - Revenge
000300044B36394A,Katamukusho
000300044B36414A,Peakvox - Majimajo
000300044B364245,Deep Sea Creatures
000300044B364A4A,Fuuu! Dairoujou Kai
000300044B364B45,Kart Krashers
000300044B364D4A,Kyara Pasha! Maimerode
000300044B36504A,Unou to Sanougaren Sasuru - Uranoura
000300044B365145,Absolute BrickBuster
000300044B36514A,At Enta! - Burokku Kuzushi
000300044B365345,HeathCliff - Spot On
000300044B365445,Orion's Odyssey
000300044B373245,True Swing Golf Express
000300044B373256,A Little Bit of... Nintendo Touch Golf
000300044B373345,Magical Diary - Secrets Sharing
000300044B374145,4 Elements
000300044B374156,4 Elements
000300044B374245,Around the World in 80 Days
000300044B374256,Around the World in 80 Days
000300044B374345,7 Card Games
000300044B374445,Astro
000300044B374645,Jewel Match
000300044B374745,"Mysterious Case of Dr. Jekyll and Mr. Hyde, The"
000300044B374756,"Mysterious Case of Dr. Jekyll and Mr. Hyde, The"
000300044B374845,Titanic Mystery
000300044B374850,Titanic Mystery
000300044B374B45,Zombie Blaster
000300044B374C4A,Batoriru - Riruga
000300044B37534A,Batoriru - Aozakura
000300044B375445,Save the Turtles
000300044B375456,Save the Turtles
000300044B375745,7 Wonders II
000300044B375A45,My Aquarium - Seven Oceans
000300044B38334A,Hachiwandaiba DS - Naru Zouku Ha Samishougi
000300044B38344A,Kyara Pasha! - Kaiten Mutenmaru
000300044B38354A,Tomodachi Tsukurou! - Mahou no Koukan Nikki
000300044B383845,Learning Piano
000300044B383850,Learning Piano
000300044B384250,Beauty Academy
000300044B38454A,Kaite Oboeru - Eitango-Chou
000300044B38464A,Kyara Pasha! - SpongeBob
000300044B384745,Battle of Giants - Fight For Survival
000300044B38494A,Hachiwandaiba DS Sutori
000300044B384D50,Model Academy
000300044B38504A,Kaite Oboeru - Shashintango-Chou
000300044B38544A,Kyara Pasha! - Kikansha Thomas
000300044B38584A,Sajitariusu e Suta
000300044B393545,1950s Lawn Mower Kids
000300044B393556,1950s Lawn Mower Kids
000300044B393645,G.G Series - Black x Block
000300044B39364A,G.G Shirizu - Black Block
000300044B39374A,Sutanoberuzu - Kono Hareta Sora no Shita de
000300044B39384A,Sutanoberuzu - Shirogane no Torikago
000300044B393945,99 Bullets
000300044B39394A,99 Bullets
000300044B393950,99 Bullets
000300044B394145,Goooooal America
000300044B394150,Goooooal Europa 2012
000300044B394245,Jazzy Billiards
000300044B39424A,Jazzy Biriyado
000300044B39424B,Jazzy Billieodeu
000300044B394256,Jazzy Billiards
000300044B39434A,Kokoro no Herusumeta - Kokoron
000300044B39444A,Pikkuda
000300044B394545,Dreamwalker
000300044B394645,Bridge
000300044B394650,Bridge
000300044B394745,Big Bass Arcade
000300044B394A45,Amida's Path
000300044B394A4A,Amida
000300044B394C4A,Megami no Etsubo DL
000300044B394E4A,Neko Neko Bekari - Pan de Pazurunya!
000300044B395045,QuickPick Farmer
000300044B395050,QuickPick Farmer
000300044B395156,Hidden Expedition - Titanic
000300044B39524A,Kiwami Birei Akuariumu - Sekai no Sakana to Kujiratachi
000300044B395250,My Aquarium - Seven Oceans
000300044B39534A,Motto Medeu nou o Kitaeru - DS Soku do Kujutsu Light
000300044B395445,Chronos Twins - One Hero in Two Times
000300044B395450,Chronos Twins - One Hero in Two Times
000300044B395545,ATV - Quad Kings
000300044B395745,99 Moves
000300044B395750,99 Moves
000300044B395945,Candle Route
000300044B39594A,Peakvox Route Kyandoru I
000300044B395950,Candle Route
000300044B395A50,Artillery Knights vs. Orcs
000300044B413245,Art Academy - Second Semester
000300044B41324A,Wari to Hon Kakute Ki - E-gokoro Kyoushitsu Kouki
000300044B413256,Art Academy - Second Semester
000300044B413445,Asphalt 4 Elite Racing
000300044B41344A,Asufuruto 4 Erito Reshingu
000300044B41344B,Aseupalteu 4 Elliteu Racing
000300044B413456,Asphalt 4 Elite Racing
000300044B413545,Boardwalk Ball Toss
000300044B413645,Space Ace
000300044B413656,Space Ace
000300044B41374A,O Dekake! Asushika
000300044B413845,Absolute Reversi
000300044B41384A,At Enta! - Taisen Ribashi
000300044B41394A,At Enta! - Taisen Hanafuda Koikoigasse
000300044B414145,Aquia - Art Style Series
000300044B41414A,Aquario - Art Style Shirizu
000300044B414156,Aquite - Art Style Series
000300044B414245,G.G Series - Assault Buster
000300044B41424A,G.G Shirizu - Assault Buster
000300044B414345,Advanced Circuits
000300044B414356,Advanced Circuits
000300044B414445,Base 10 - Art Style Series
000300044B41444A,Decode - Art Style Shirizu
000300044B414456,Code - Art Style Series
000300044B414545,Ancient Tribe
000300044B414550,Ancient Tribe
000300044B414645,Airport Mania - Non-Stop Flights
000300044B414656,Airport Mania - Non-Stop Flights
000300044B41474A,Atsumeru Egao Chou
000300044B414845,Boxlife - Art Style Series
000300044B41484A,Hacolife - Art Style Shirizu
000300044B414856,Boxlife - Art Style Series
000300044B414945,Art Academy - First Semester
000300044B41494A,Wari to Hon Kakute Ki - E-gokoro Kyoushitsu Zenki
000300044B414956,Art Academy - First Semester
000300044B414B45,Precipice - Art Style Series
000300044B414B4A,Nalaku - Art Style Shirizu
000300044B414B56,KuBos - Art Style Series
000300044B414C45,AlphaBounce
000300044B414D43,Zhi Feiji Tiaozhan
000300044B414D45,Paper Airplane Chase
000300044B414D4A,Kami Hikoki
000300044B414D4B,Jong-Ibihaeng-Gi
000300044B414D56,Paper Plane
000300044B414F45,All-Star Air Hockey
000300044B415045,Pictobits - Art Style Series
000300044B41504A,Picopict - Art Style shirizu
000300044B415056,Picopict - Art Style Series
000300044B415145,G.G Series - Ninja Karakuri Den
000300044B41514A,G.G Shirizu - Shinobi Karakuri De
000300044B41514B,G.G Sirijeu - Ninja Karakuri Den
000300044B415245,AiRace
000300044B415256,AiRace
000300044B415345,Zengage - Art Style Series
000300044B41534A,Somnium - Art Style Shirizu
000300044B415356,Nemrem - Art Style Series
000300044B415445,AiRace Tunnel
000300044B415456,AiRace Tunnel
000300044B415545,Nintendo Countdown - Calendar
000300044B41554A,Atonannichi Kazoeru - Nintendo DSi Karenda
000300044B415556,Nintendo Countdown - Calendar
000300044B415645,Digidrive - Art Style Series
000300044B41564A,Digidrive - Art Style Shirizu
000300044B415656,Intersect - Art Style Series
000300044B415745,Art of Ink
000300044B415750,Art of Ink
000300044B415845,Animal Boxing
000300044B415850,Animal Boxing
000300044B415945,Army Defender
000300044B415950,Army Defender
000300044B415A45,Everyday Soccer
000300044B415A4A,ARC Style - Sakka!
000300044B415A4B,ARC Seutail - Sakeo
000300044B415A56,ARC Style - Everyday Football
000300044B423350,Puzzle to Go - Sightseeing
000300044B423545,Beach Party Craze
000300044B423645,Build-a-lot
000300044B423745,Trollboarder
000300044B423750,Trollboarder
000300044B423845,Earth Saver - GO Series
000300044B42384A,Asuseiba Purasu - Inseki Bakuha Dai Sakuse
000300044B423850,Earth Saver - GO Series
000300044B42394A,Asuseiba - Inseki Bakuha Dai Sakuse
000300044B424145,Battle of Giants - Dragons - Bronze Edition
000300044B424156,Combat of Giants - Dragons - Bronze Edition
000300044B424245,Bomberman Blitz
000300044B42424A,Itsu Demo Bomberman
000300044B424256,Bomberman Blitz
000300044B424345,Brain Challenge
000300044B42434A,Burein Charenji
000300044B424356,Brain Challenge
000300044B424445,Brain Drain
000300044B424450,Brain Drain
000300044B424545,Bejeweled Twist
000300044B42454A,Bijuerudo Tsuisuto
000300044B424556,Bejeweled Twist
000300044B42474A,Chotto DS Bun ga Kuzenshuu - Sekai no Bungaku 20
000300044B424845,Digger Dan Kaboom
000300044B424850,Digger Dan Kaboom
000300044B424944,Biorhythm
000300044B424945,Biorhythm
000300044B424950,Biorhythm
000300044B424A45,21 Blackjack
000300044B424A50,21 Blackjack
000300044B424B45,Bookworm
000300044B424B56,Bookworm
000300044B424C45,Bloons
000300044B424C50,Bloons
000300044B424D45,Boom Boom Squaries
000300044B424D4A,Bun Bun Sukueazu
000300044B424D56,Boom Boom Squaries
000300044B424E45,Galaxy Saver
000300044B424E4A,Gurutto! Seiba
000300044B424F45,Ball Fighter
000300044B424F50,Ball Fighter
000300044B425145,Break Tactics
000300044B42514A,Bureiku Takutekusu
000300044B425150,Break Tactics
000300044B42524A,Futo Sutando Tsuki - Banbura DX Rajio
000300044B42534A,Wandafuru Supotsu - Bouringu
000300044B425445,Invasion of the Alien Blobs!
000300044B42544A,Shunkan Tsubutsubu Tsubushi
000300044B42564A,DQ Monsutabatorurodo V - Sen'you Karakodosukyana
000300044B425850,Puzzle to Go - Planets and Universe
000300044B425950,Puzzle to Go - Baby Animals
000300044B425A45,BlayzBloo
000300044B425A4A,Bureiburu - Batoru x Batoru
000300044B425A4B,Beulleibeullu - Baeteul x Baeteul
000300044B433345,Panda Craze
000300044B433356,Panda Craze
000300044B433445,Shapo
000300044B433456,Shapo
000300044B433545,Castle Conqueror - Heroes
000300044B43354A,Castle Conqueror - Heroes
000300044B433556,Castle Conqueror - Heroes
000300044B433745,Commando - Steel Disaster
000300044B433750,Commando - Steel Disaster
000300044B43394A,Gekitsu Iou
000300044B43414A,Mainichi Sodateru Nikki Karenda
000300044B43424A,Ugoite Asobu Bokushingu
000300044B434345,Animal Color Cross
000300044B434350,Animal Color Cross
000300044B43444A,Kamera mo Tsukaeru - Tango Hon' Yakujite
000300044B434456,Dictionary 6 in 1 - With Camera Function
000300044B434756,Combat of Giants - Fight For Survival
000300044B43484A,Kadohiro - Supidobatorukasutamu
000300044B434945,Crazy Pinball
000300044B434956,Crazy Pinball
000300044B434A45,Car Jack Streets
000300044B434A50,Car Jack Streets
000300044B434B4A,Toridama - Chikin do Shinda
000300044B434D45,Castle of Magic
000300044B434D4A,Chibi Shounen no - Mahou Dai Bouken
000300044B434D56,Castle of Magic
000300044B434E44,Castle Conqueror
000300044B434E45,Castle Conqueror
000300044B434E46,Castle Conqueror
000300044B434E49,Castle Conqueror
000300044B434E4A,ARC Style - Totsugeki! - Kyassuru Atakkazu
000300044B434E50,Castle Conqueror
000300044B434E53,Castle Conqueror
000300044B434F45,Crystal Monsters
000300044B434F4A,Monsuta Kuronikuru
000300044B434F56,Crystal Monsters
000300044B43504A,Dekisugi Chinkuru Pakku
000300044B435145,Crazy Cheebo Puzzle Party
000300044B435150,Crazy Cheebo Puzzle Party
000300044B435245,Crazy Sudoku
000300044B435256,Crazy Sudoku
000300044B43534A,ACT Shirizu - Tangochou Nitchuuhen
000300044B435445,Chess Challenge!
000300044B435456,Chess Challenge!
000300044B43554A,Uso Hakkenki - Kokoro no Naka o no Zoichao
000300044B435645,Cave Story
000300044B435845,Cosmo Fighters
000300044B435850,Cosmo Fighters
000300044B435945,Calculator
000300044B435956,Calculator
000300044B435A45,Absolute Chess
000300044B435A4A,At Chisu - Charenji Supirittsu
000300044B443245,Date Or Ditch
000300044B44324A,Ren'ai Hensachi Nabi
000300044B443256,Date Or Ditch
000300044B44334A,Jinia Supasonaru - Eiwa Rakubiki Jite
000300044B44344A,Meikyou Kokugo - Rakubiki Jite
000300044B44354A,Jinia Supasonaru - Waei Rakubiki Jite
000300044B443645,Rock-n-Roll Domo
000300044B443745,G.G Series - Energy Chain
000300044B44374A,G.G Shirizu - Energy Chain
000300044B443845,Datamine
000300044B443850,Datamine
000300044B443943,Yixia Xia Mali Ou Yisheng
000300044B443945,Dr. Mario Express
000300044B44394A,Dr. Mario
000300044B443956,A Little Bit Of... Dr. Mario
000300044B444145,G.G Series - Drilling Attack!!
000300044B44414A,G.G Shirizu - Doriringu Atakku!!
000300044B444245,Delbo
000300044B44424A,Delbo
000300044B444256,Delbo
000300044B444345,Crash-Course Domo
000300044B444445,DodoGo!
000300044B44454A,Deeru Dentaku Kasutamu - Dentaku+ TCG-You Tsuru
000300044B444645,Don't Feed the Animals
000300044B44474A,Doko Demo Wii No Ma
000300044B444845,Hard-Hat Domo
000300044B44494A,Utsu Shiteji Kkan! - Daietto Memo
000300044B444A45,DodoGo! Challenge
000300044B444A56,DodoGo! Challenge
000300044B444B45,Discolight
000300044B444B50,Discolight
000300044B444C45,Dragon's Lair
000300044B444C56,Dragon's Lair
000300044B444D45,Mario vs. Donkey Kong - Minis March Again!
000300044B444D4A,Mario vs. Donkey Kong - Mini Mini Saikoushi!
000300044B444D56,Mario vs. Donkey Kong - Minis March Again!
000300044B444E4A,Hobonichi Rosenzu 2010
000300044B444F43,Rentiangougou
000300044B445045,Pro-Putt Domo
000300044B445145,Dragon Quest Wars
000300044B44514A,Doragon Kuesuto Uzu
000300044B445156,Dragon Quest Wars
000300044B445245,Mr. Driller - Drill Till You Drop
000300044B44524A,Misuta Dorira
000300044B445256,Mr. Driller - Drill Till You Drop
000300044B445345,Disney Fireworks
000300044B445445,Downtown Texas Hold'em
000300044B445456,Downtown Texas Hold'em
000300044B44554A,Atorie Deko Ra Doru
000300044B44554B,Nae Mamdaero Peurinseseu
000300044B445645,Dark Void Zero
000300044B445656,Dark Void Zero
000300044B445745,White-Water Domo
000300044B445845,X-Scape
000300044B44584A,X-Returns
000300044B445856,3D Space Tank
000300044B445945,Starship Defense
000300044B44594A,Sutashippu Defunda
000300044B445956,Starship Patrol
000300044B445A45,Trajectile
000300044B445A4A,Rifurekuto Misairu
000300044B445A56,Reflect Missile
000300044B45324A,Sukusuku Neitebu - Eigo Nikki Karenda
000300044B453345,PictureBook Games - The Royal Bluff
000300044B45334A,Asoberu e Ho - Maindo Te
000300044B453350,Jeux de Plateau en Images - Bluff en Couleurs
000300044B453356,PictureBook Games - The Royal Bluff
000300044B45344A,Hirameki! Egara Shiritori
000300044B45354A,ACT Shirizu - Tangochou - Ni Chie Ihen
000300044B453650,"Successfully Learning - English, Year 4"
000300044B453750,"Successfully Learning - English, Year 5"
000300044B45384A,At Supotsu! - Koushien 2010
000300044B453945,Absolute Baseball
000300044B45394A,At Supotsu! - Puroyakyuu 2010
000300044B454145,Electroplankton - Trapy
000300044B45414A,Erekutoropurankuto - Torepi
000300044B454156,Electroplankton - Trapy
000300044B454245,Electroplankton - Hanenbow
000300044B45424A,Erekutoropurankuto - Hanenbo
000300044B454256,Electroplankton - Hanenbow
000300044B454345,Electroplankton - Luminarrow
000300044B45434A,Erekutoropurankuto - Ruminaria
000300044B454356,Electroplankton - Luminarrow
000300044B454445,Erekutoropurankuto - Taiyouchuu
000300044B45444A,Erekutoropurankuto - Taiyouchuu
000300044B454456,Electroplankton - Sun-Animalcule
000300044B454545,Electroplankton - Rec-Rec
000300044B45454A,Erekutoropurankuto - Rekkurekku
000300044B454556,Electroplankton - Rec-Rec
000300044B454645,Erekutoropurankuto - Nanokapu
000300044B45464A,Erekutoropurankuto - Nanokapu
000300044B454656,Electroplankton - Nanocarp
000300044B454745,Electroplankton - Lumiloop
000300044B45474A,Erekutoropurankuto - Hikarinowa
000300044B454756,Electroplankton - Lumiloop
000300044B454845,Electroplankton - Marine-Crystals
000300044B45484A,Erekutoropurankuto - Marinsuno
000300044B454856,Electroplankton - Marine-Crystals
000300044B454945,Electroplankton - Beatnes
000300044B45494A,Erekutoropurankuto - Tsuriganemushi
000300044B454956,Electroplankton - Beatnes
000300044B454A45,Electroplankton - Varvoice
000300044B454A4A,Erekutoropurankuto - Boruboisu
000300044B454A56,Electroplankton - Varvoice
000300044B454B4A,Koukou e Itango - Kiho 400 Go Master
000300044B454D45,Elemental Masters
000300044B454D50,Elemental Masters
000300044B454E4A,Hobonichi no Kenkoute Chou
000300044B45504A,Subete ga Tsunagaruki Mochi Yosa! - Kotoba Shiru
000300044B455245,G.G Series - Exciting River
000300044B45524A,G.G Shirizu - Exciting River
000300044B455345,Escapee GO!
000300044B45544A,Chuugaku e Itango - Kiho 400 Go Master
000300044B455550,"Successfully Learning - English, Year 2"
000300044B45564A,Space Invaders Extreme Z
000300044B455745,Earthworm Jim
000300044B45574A,Asuwamu Jimu
000300044B455756,Earthworm Jim
000300044B455845,Extreme Hangman
000300044B455856,Extreme Hangman
000300044B455945,Escape Trick - Ninja Castle
000300044B45594A,Simple DS Shirizu Vol. 4 - The Misshitsukara no Dasshutsu
000300044B455950,Escape Trick - Ninja Castle - GO Series
000300044B455A50,"Successfully Learning - English, Year 3"
000300044B46324A,Amakuchi! Dairoujou
000300044B463345,Dairojo! - Samurai Defenders
000300044B46334A,Karakuchi! Dairoujou
000300044B463445,Flips - Silent But Deadly
000300044B463456,Flips - Silent But Deadly
000300044B463645,Flips - The Folk of the Faraway Tree
000300044B463656,Flips - The Folk of the Faraway Tree
000300044B463745,Hooked on Bass Fishing - GO Series
000300044B46374A,Itsu Demo Tsuri Biyori - Omoide no Burakku Basu
000300044B463750,Hooked on Bass Fishing - GO Series
000300044B463845,Fire Panic
000300044B463856,Fire Panic
000300044B463945,Flips - Terror in Cubicle Four
000300044B463956,Flips - Terror in Cubicle Four
000300044B464145,Airport Mania - First Flight
000300044B464156,Airport Mania - First Flight
000300044B464245,Fishing Resort - GO Series
000300044B46424A,Itsu Demo Tsuri Biyori
000300044B464250,Fishing Resort - GO Series
000300044B464445,Fieldrunners
000300044B464456,Fieldrunners
000300044B464550,Ferryman Puzzle
000300044B464645,Flips - The Enchanted Wood
000300044B464656,Flips - The Enchanted Wood
000300044B464745,Frogger Returns
000300044B464845,Flips - More Bloody Horowitz
000300044B464856,Flips - More Bloody Horowitz
000300044B464945,Flight Control
000300044B464956,Flight Control
000300044B464A4A,Majikaru Funtajisuta
000300044B464B45,Farm Frenzy
000300044B464D45,Faceez Monsters!
000300044B464D4A,Atamago Monsutazu
000300044B464D50,Faceez Monsters!
000300044B464D55,Faceez Monsters!
000300044B464F45,Frenzic
000300044B464F50,Frenzic
000300044B465045,Flipper
000300044B465050,Flipper
000300044B465145,PlayLearn Spanish
000300044B465245,Ferrari GT Evolution
000300044B46524A,Furari GT Eboryusho
000300044B465256,Ferrari GT Evolution
000300044B465345,Flashlight
000300044B465350,Flashlight
000300044B465445,Flips - The Magic Faraway Tree
000300044B465456,Flips - The Magic Faraway Tree
000300044B465545,Flips - The Bubonic Builders
000300044B465556,Flips - The Bubonic Builders
000300044B465645,Pro-Jumper! - Guilty Gear Tangent!
000300044B46564A,ARC Style Furojanpu!! - Girutegia Gaiden!
000300044B46574A,Sekai Tanken - Kokki Warudo Mappu
000300044B465845,PlayLearn Chinese
000300044B465945,"Fairy Tale, A"
000300044B465956,"Fairy Tale, A"
000300044B465A45,Faceez
000300044B465A4A,Atamago
000300044B465A56,Faceez
000300044B473245,Gene Labs
000300044B47334A,Ji Bun de Tsukuru - Nintendo DS Gaido
000300044B47344A,Saikyou Ginsei Shougi
000300044B473545,DodoGo! Robo
000300044B47354A,DodoGo! Robo
000300044B473556,DodoGo! Robo
000300044B473645,Acoustic Guitar
000300044B473656,Acoustic Guitar
000300044B473745,Gold Fever
000300044B473756,Gold Fever
000300044B473845,Spirit Hunters Inc Shadow
000300044B473856,Spirit Hunters Inc Shadow
000300044B47394A,Noroi no Geemu Goku
000300044B474243,Game + Watch - Ball
000300044B47424A,Gemu + Uotchi - Boru
000300044B47424F,Game + Watch - Ball
000300044B474343,Game + Watch - Chef
000300044B47434A,Gemu + Uotchi - Shifu
000300044B47434F,Game + Watch - Chef
000300044B474443,Game + Watch - Donkey Kong Jr
000300044B47444A,Gemu + Uotchi - Donkey Kong Jr
000300044B47444F,Game + Watch - Donkey Kong Jr
000300044B47454A,Saikyou Ginseiigo
000300044B474643,Game + Watch - Maliou Di Shuini Gongchang
000300044B47464A,Gemu + Uotchi - Mariozu Semento Fukutori
000300044B47464F,Game + Watch - Mario's Cement Factory
000300044B474743,Game + Watch - Flagman
000300044B47474A,Gemu + Uotchi - Furagguma
000300044B47474F,Game + Watch - Flagman
000300044B474843,Game + Watch - Helmet
000300044B47484A,Gemu + Uotchi - Herumetto
000300044B47484F,Game + Watch - Helmet
000300044B474A43,Game + Watch - Judge
000300044B474A4A,Gemu + Uotchi - Jajji
000300044B474A4F,Game + Watch - Judge
000300044B474B45,Glory Days - Tactical Defense
000300044B474B50,Glory Days - Tactical Defense
000300044B474C45,Glow Artisan
000300044B474C56,Glow Artisan
000300044B474D43,Game + Watch - Manhole
000300044B474D4A,Gemu + Uotchi - Manhoru
000300044B474D4F,Game + Watch - Manhole
000300044B474E45,Gangstar 2 - Kings of L.A
000300044B474E4A,Gyangusuta 2 - Kings of L.A
000300044B474E56,Gangstar 2 - Kings of L.A
000300044B475145,Go Go Island Rescue
000300044B475156,Go Go Island Rescue
000300044B475245,Guitar Rock Tour
000300044B475256,Guitar Rock Tour
000300044B475345,Globulos Party
000300044B475350,Globulos Party
000300044B475445,Spirit Hunters Inc Light
000300044B475456,Spirit Hunters Inc Light
000300044B475545,Flipnote Studio
000300044B47554A,Ugoku Memochou
000300044B475556,Flipnote Studio
000300044B475643,Game + Watch - Vermin
000300044B47564A,Gemu + Uotchi - Bami
000300044B47564F,Game + Watch - Vermin
000300044B475845,Go Fetch!
000300044B47584A,Go Fetch!
000300044B475A45,House M.D. - Globetrotting
000300044B48324A,Sokuren Keisa - Shougaku 2 Nensei
000300044B48334A,Sokuren Keisa - Shougaku 3 Nensei
000300044B48344A,Sokuren Keisa - Shougaku 4 Nensei
000300044B483545,G.G Series - Conveyor Toy Packing
000300044B48354A,G.G Shirizu - Konbea Konpou
000300044B48364A,Ike! Ike!! Hamusuta
000300044B48374A,Ai Sengoku Spirits Gaide - Nobunaga-Hen
000300044B48384A,Ai Sengoku Spirits Gaide - Hideyoshi-Hen
000300044B48394A,Ai Sengoku Spirits Gaide - Kenshin-Hen
000300044B484245,Happy Birthday Mart
000300044B484345,Hot and Cold
000300044B484443,Qu Pai Pai Xuan Jing Qiao Shi Xiu
000300044B484444,Foto-Zauber
000300044B484445,Sparkle Snapshots
000300044B484446,Deco Photo
000300044B484449,Foto Glitter
000300044B48444A,Itsu Demo Purikura - Kiradeko Puremiamu
000300044B48444B,Nae Mamdaero Seutikeosajin - Syabangsyabang Reobeulli Poto
000300044B484453,Camara Glamour
000300044B484456,Sparkle Snapshots
000300044B484545,Dot Man
000300044B48454A,Dot Man
000300044B484550,Dot Man
000300044B484645,Hello Flowerz
000300044B48474A,3 Punten Katou Itsu - Higashi Nihon Sengoku Kuizu He
000300044B484845,Hospital Havoc
000300044B484850,Hospital Havoc
000300044B484945,Hints Hunter
000300044B484950,Hints Hunter
000300044B484A45,Hidden Photo
000300044B484C45,Hell's Kitchen Vs
000300044B484C56,Hell's Kitchen Vs
000300044B484D4A,Hande Maja
000300044B484F4A,Hande Hokke
000300044B485145,Hearts Spades Euchre
000300044B485150,Hearts Spades Euchre
000300044B485245,Picture Perfect - Pocket Stylist
000300044B485256,Hair Salon - Pocket Stylist
000300044B48544A,Nari Kyara Reborn!
000300044B485550,"Successfully Learning - German, Year 2"
000300044B485650,"Successfully Learning - German, Year 3"
000300044B485745,EJ Puzzles Hooked
000300044B485950,"Successfully Learning - German, Year 4"
000300044B485A50,"Successfully Learning - German, Year 5"
000300044B49324A,Irasuto Rojikku + Nihon no Mukashi Banashi
000300044B493345,House M.D. - Skull Bones
000300044B493445,House M.D. - Crashed
000300044B49354A,At Enta! - Taisen' Igo
000300044B493645,16 Shot! - Shooting Watch
000300044B49364A,Aanonatsu Kashino - Shuutchi
000300044B493656,16 Shot! - Shooting Watch
000300044B493745,Learning Piano Vol.2
000300044B493750,Learning Piano Vol.2
000300044B493850,"Aquarium of Luck, The"
000300044B494245,Ikibago
000300044B494256,Ikibago
000300044B494345,Playing Piano
000300044B494350,Playing Piano
000300044B494445,Dracula - Undead Awakening
000300044B494456,Dracula - Undead Awakening
000300044B494545,Electric Guitar
000300044B49454A,Anata no Rakuraku - Erekutorikku Gita
000300044B494556,Electric Guitar
000300044B494645,Drift Street International
000300044B494656,Drift Street International
000300044B494845,House M.D. - Blue Meanie
000300044B494945,101 Pinball World
000300044B494950,101 Pinball World
000300044B494A45,House M.D. - Under the Big Top
000300044B494B4A,Aibizakiu Mini
000300044B494B56,Ivy the Kiwi Mini - GO Series
000300044B494B58,Ivy the Kiwi Mini
000300044B494C4A,Irasuto Rojikku
000300044B494D4A,Aitakute Monki
000300044B494E50,Dancing Academy
000300044B494F45,1001 Blockbusters
000300044B494F50,1001 Blockbusters
000300044B49524A,Ai Shiteiruka - Ai Sareteiruka
000300044B495350,Ice Hockey Slovakia 2011
000300044B495445,Spot It! Challenge
000300044B49554A,Ai Sengoku Spirits EX - Shukunden
000300044B49564A,Ai Sengoku Spirits EX - Gunshiden
000300044B495745,Inchworm Animation
000300044B49574A,Inchiwamu Animesho
000300044B495750,Inchworm Animation
000300044B495755,Inchworm Animation
000300044B49594A,Ai Sengoku Spirits EX - Moushouden
000300044B4A324A,Renjuku Kanji - Shougaku 2 Nensei
000300044B4A334A,Renjuku Kanji - Shougaku 3 Nensei
000300044B4A344A,Renjuku Kanji - Shougaku 4 Nensei
000300044B4A354A,Renjuku Kanji - Shougaku 5 Nensei
000300044B4A364A,Renjuku Kanji - Shougaku 6 Nensei
000300044B4A374A,Tantei Jinguuji Saburou - Nakiko no Shouzou
000300044B4A384A,Renjuku Kanji - Chuugakusei
000300044B4A394A,Otona no Tame no Renjuku Kanji
000300044B4A414A,Tantei Jinguuji Saburou - Akenaiyoru ni
000300044B4A4245,Jewel Keepers Easter Island
000300044B4A4250,Jewel Keepers Easter Island
000300044B4A434A,Chuugaku Eijukugo - Kiho 150 Go Master
000300044B4A4543,Genzhuo Jiezou Duanlian Man Dangdang Yingyu - Yuanwei Huihua Pian
000300044B4A454A,Rizumu de Kitaeru Eigozuke - Neitebu Kaiwa-Hen
000300044B4A4550,New English Training Apprenez - le Bon Tempo - Pour Inities
000300044B4A4645,Just Sing! - 80's
000300044B4A4650,Just Sing! - 80's
000300044B4A4750,Jagged Alliance
000300044B4A4845,Antipole
000300044B4A4850,Antipole
000300044B4A494A,Noroi no Geemu Chi
000300044B4A4A45,Mahjong
000300044B4A4A50,Mahjong
000300044B4A4B4A,Koukou Eijukugo - Kiho 200 Go Master
000300044B4A4C4A,Tantei Jinguuji Saburou - Rensa Suru Noroi
000300044B4A4D45,Jam Space PocketStudio
000300044B4A4E4A,Supichi Sapoto DS
000300044B4A4F45,Magnetic Joe
000300044B4A5045,Jump Trials
000300044B4A504A,Shunkan Janpu Kentei
000300044B4A514A,Tantei Jinguuji Saburou - Kadannoitte
000300044B4A5245,Alt-Play - Jason Rohrer Anthology
000300044B4A5250,Alt-Play - Jason Rohrer Anthology
000300044B4A5345,Just Sing! - National Anthems
000300044B4A5350,Just Sing! - National Anthems
000300044B4A544A,Tantei Jinguuji Saburou - Tsubaki no Yukue
000300044B4A5545,10 Second Run - GO Series
000300044B4A554A,10 Byou Sou
000300044B4A5550,10 Second Run - GO Series
000300044B4A574A,Nandoku 500 Kanji - Wado Pazuru
000300044B4A574B,Jeulgeoun Ilboneo Wodeupeojeul
000300044B4A5945,JellyCar 2
000300044B4A5A4A,Renjuku Kanji - Shougaku 1 Nensei
000300044B4B3245,Crazy Hamster
000300044B4B324A,Kureiji Hamusuta
000300044B4B3250,Crazy Hamster
000300044B4B334A,Koumin Kuizu - Shougakusei
000300044B4B344A,Kakonde Ke Shite - Wakugumi Nojika
000300044B4B3456,Wakugumi - Monochrome Puzzle
000300044B4B354A,Kakitori Rekishi - Shougakusei
000300044B4B364A,Hakokoro
000300044B4B3745,Electronic Keyboard
000300044B4B374A,Anata no Rakuraku - Erekutoronikku Kibodo
000300044B4B3756,Electronic Keyboard
000300044B4B4145,B-Team Episode 2 - Ice and Venom
000300044B4B4245,Doodle Fit
000300044B4B424A,Dodoru Futto
000300044B4B4250,Doodle Fit
000300044B4B434A,Anata no Kyuu o Chikku! - Kanken Mini Tesuto
000300044B4B444A,Ganbaru Watashi no Osaifu Ouenda
000300044B4B4545,Puzzle Fever
000300044B4B4645,Go Fetch! 2
000300044B4B464A,Go Fetch! 2
000300044B4B4745,Gaia's Moon
000300044B4B474A,Gaia's Moon
000300044B4B4750,Gaia's Moon
000300044B4B4845,Zimo - Mahjong Fanatic
000300044B4B484A,Zimo - Majan Pazuru
000300044B4B4945,HelloKids - Vol. 1 - Coloring and Painting!
000300044B4B4950,HelloKids - Vol. 1 - Coloring and Painting!
000300044B4B4A4A,At Kanji Jukugogemu - Kanjukukenkanshuu
000300044B4B4D4A,Uchimakure! - Tatchi de Kamereo
000300044B4B4E45,Flipper 2 - Flush the Goldfish
000300044B4B4E50,Flipper 2 - Flush the Goldfish
000300044B4B4F4A,Puchiko
000300044B4B5145,Bugs'N'Balls
000300044B4B5150,Bugs'N'Balls
000300044B4B5245,Flip the Core
000300044B4B5250,Flip the Core
000300044B4B534A,Shin Sangoku Maja - Kokushimusou
000300044B4B5445,Cut the Rope
000300044B4B5456,Cut the Rope
000300044B4B5550,"Successfully Learning - Mathematics, Year 2"
000300044B4B5650,"Successfully Learning - Mathematics, Year 3"
000300044B4B5750,"Successfully Learning - Mathematics, Year 4"
000300044B4B5850,"Successfully Learning - Mathematics, Year 5"
000300044B4B594A,Kuukiyomi DS
000300044B4B594B,Jeon-Gungmin-Gaenyeomtapjae Peurojekteu - Nunchibaekdan DS
000300044B4B5A45,Academy Chess Puzzles
000300044B4B5A50,Academy Chess Puzzles
000300044B4C3245,Puffins - Let's Roll!
000300044B4C3250,Puffins - Let's Roll!
000300044B4C3345,My Asian Farm
000300044B4C3350,My Asian Farm
000300044B4C3445,My Australian Farm
000300044B4C3450,My Australian Farm
000300044B4C364A,Otona no Sekaishi Pazuru
000300044B4C374A,Otona no Nihonshi Pazuru
000300044B4C384A,Anyohaseyo! - Kankokugo Wado Pazuru
000300044B4C394A,Sokuren Keisa - Shougaku 1 Nensei
000300044B4C4245,Rabi Laby
000300044B4C424A,Akushon Pazuru - Rabi x Rabi
000300044B4C4250,Rabi Laby
000300044B4C4445,Legendary Wars - T-Rex Rumble
000300044B4C444A,ARC Style - Jurashikku Warudo
000300044B4C4456,Legendary Wars - T-Rex Rumble
000300044B4C4545,Legends of Exidia
000300044B4C454A,Ekushidea Senki
000300044B4C4556,Legends of Exidia
000300044B4C4645,Puffins - Let's Fish!
000300044B4C4650,Puffins - Let's Fish!
000300044B4C4745,Let's Golf!
000300044B4C474A,Rettsu! Gorufu
000300044B4C4756,Let's Golf!
000300044B4C484A,Simple DS Shirizu Vol. 6 - The Misshitsukara no Dasshutsu
000300044B4C4945,Libera Wing
000300044B4C4A45,Let's Create! Pottery
000300044B4C4A56,Let's Create! Pottery
000300044B4C4B45,Lola's Alphabet Train
000300044B4C4B50,Lola's Alphabet Train
000300044B4C4C45,"Seller, The"
000300044B4C4C4A,Za Sera
000300044B4C4C50,"Seller, The"
000300044B4C4D45,Battle of the Elements
000300044B4C4D50,Battle of the Elements
000300044B4C4E45,Bloons TD
000300044B4C4E50,Bloons TD
000300044B4C4F45,"Lost Town, The - The Dust"
000300044B4C4F4A,"Lost Town, The - The Dust"
000300044B4C4F56,"Lost Town, The - The Dust"
000300044B4C5045,Littlest Pet Shop
000300044B4C5056,Littlest Pet Shop
000300044B4C5145,Anne's Doll Studio - Lolita Collection
000300044B4C514A,Atorie Deko Ra Doru - Rorita
000300044B4C514B,Nae Mamdaero Peurinseseu 2 - Yureop-Pyeon
000300044B4C5150,Anne's Doll Studio - Lolita Collection
000300044B4C5245,Puffins - Let's Race!
000300044B4C5250,Puffins - Let's Race!
000300044B4C5445,My Little Restaurant
000300044B4C5456,My Little Restaurant
000300044B4C5645,Rabi Laby 2
000300044B4C564A,Akushon Pazuru - Rabi x Rabi Episodo 2
000300044B4C5650,Rabi Laby 2
000300044B4C5750,Libera Wing
000300044B4C584A,Redau Shirizu - Gunjin Shougi
000300044B4C5945,Dragon's Lair II
000300044B4C5956,Dragon's Lair II
000300044B4D3345,Simply Minesweeper
000300044B4D3350,Simply Minesweeper
000300044B4D344A,Simple DS Shirizu Vol. 1 - The Misshitsukara no Dasshutsu
000300044B4D354A,Simple DS Shirizu Vol. 2 - The Misshitsukara no Dasshutsu
000300044B4D3656,Maestro! Green Groove
000300044B4D3750,Missy Mila Twisted Tales
000300044B4D3845,Me And My Dogs - Friends Forever
000300044B4D384A,Wanko to Issho
000300044B4D3856,Me And My Dogs - Friends Forever
000300044B4D394A,Chotto Majikkutaize - Osoroshii Suuji
000300044B4D3950,A Little Bit of... Magic Made Fun - Deep Psyche
000300044B4D3954,Master of Illusion Express - Deep Psyche
000300044B4D3958,Faites de la Magie - Astre Renversant
000300044B4D414A,Majikaru Doroppu Yurutto
000300044B4D424A,Mr. Brain - Misutaburei
000300044B4D444A,Chotto Majikku Taizen - Deto Uranai
000300044B4D4450,A Little Bit of... Magic Made Fun - Matchmaker
000300044B4D4454,Master of Illusion Express - Matchmaker
000300044B4D4545,Miami Nights - Life in the Spotlight!
000300044B4D454A,Miami Naitsu - Serebuhe
000300044B4D4556,Miami Nights - Life in the Spotlight!
000300044B4D464A,Chotto Majikku Taizen - Funi Fuisu
000300044B4D4650,A Little Bit of... Magic Made Fun - Funny Face
000300044B4D4654,Master of Illusion Express - Funny Face
000300044B4D4658,Faites de la Magie - Drole de Tete
000300044B4D4745,Mighty Flip Champs!
000300044B4D474A,Maite Furippu Chanpu
000300044B4D4756,Mighty Flip Champs!
000300044B4D4845,My Postcards
000300044B4D4856,My Postcards
000300044B4D494A,Chotto Majikku Taizen - Suki Kirai Hakkenki
000300044B4D4950,A Little Bit of... Magic Made Fun - Mind Probe
000300044B4D4954,Master of Illusion Express - Mind Probe
000300044B4D4A45,3D Mahjong
000300044B4D4A50,3D Mahjong
000300044B4D4B44,Mehr Kreuzwortratsel - Welt Edition
000300044B4D4C45,Don't Cross The Line
000300044B4D4C4A,Hirameki e Musubi
000300044B4D4D45,Mixed Messages
000300044B4D4D56,Mixed Messages
000300044B4D4E4A,Chotto Majikku Taizen - Nensha Kamera
000300044B4D4E50,A Little Bit of... Magic Made Fun - Psychic Camera
000300044B4D4E54,Master of Illusion Express - Psychic Camera
000300044B4D4F45,Move your Brain - Rollway Puzzle
000300044B4D4F50,Move your Brain - Rollway Puzzle
000300044B4D504A,Nagameru Dakede Kashikoku Nareru! - Mojipitta Shiritori Dokei
000300044B4D5146,Mots Croises
000300044B4D5245,My Farm
000300044B4D5256,My Farm
000300044B4D534A,Chotto Majikku Taizen - 3ttsu no Shaffuru Gemu
000300044B4D5350,A Little Bit of Magic Made Fun - Shuffle Games
000300044B4D5354,Master of Illusion Express - Shuffle Games
000300044B4D5358,Faites de la Magie - Choix du Voyant
000300044B4D5445,Nintendo DSi - Metronome
000300044B4D544A,Nintendo DSi - Metoronomu
000300044B4D5545,Maestro! Green Groove
000300044B4D5645,My Exotic Farm
000300044B4D5656,My Exotic Farm
000300044B4D584A,Kemo no Mikusu Kemonomix
000300044B4D5945,MySims Camera
000300044B4D594A,Boku to Shimu no Machi Kamera
000300044B4D5956,MySims Camera
000300044B4D5A4A,Suimin Kiroku Mezamashi Dokei
000300044B4D5A56,Sleep Clock
000300044B4E3245,Devil Band - Rock the Underworld
000300044B4E324A,Debiru Bando - Rokku Za Anda Warudo
000300044B4E3256,Devil Band - Rock the Underworld
000300044B4E334A,Nazo no Mini Gemu
000300044B4E344A,Atesuto ni Narou! - Minna no Nurie Shokyuu
000300044B4E3545,myNotebook Carbon
000300044B4E3556,myNotebook Carbon
000300044B4E3645,myNotebook Pearl
000300044B4E3656,myNotebook Pearl
000300044B4E3745,myNotebook Tan
000300044B4E3756,myNotebook Tan
000300044B4E3945,Brain Age Express Sudoku
000300044B4E3948,Even Tijd Voor... Brain Training - Sudoku
000300044B4E394A,Chotto nou o Kitaeruo to Nano - DSi Toreningu Suudoku-Hen
000300044B4E3956,A Little Bit of... Brain Training - Sudoku
000300044B4E4145,Petit Computer
000300044B4E414A,Puchiko mkII
000300044B4E4150,Petit Computer
000300044B4E4245,myNotebook Blue
000300044B4E4256,myNotebook Blue
000300044B4E434A,Atesuto ni Narou! - Minna no Nurie Neko-Hen
000300044B4E4445,Brain Age Express - Arts Letters
000300044B4E4448,Even Tijd Voor... Brain Training - Woorden en Beelden
000300044B4E444A,Chotto no Uokitaeruotonano - DSi Toreningu Bunkeihe
000300044B4E4456,A Little Bit of... Brain Training - Arts Edition
000300044B4E454A,Ichi Moudaji! - Neko Kingu
000300044B4E4745,myNotebook Green
000300044B4E4756,myNotebook Green
000300044B4E4845,Come On! Heroes
000300044B4E484A,Come On! Heroes
000300044B4E4856,Come On! Heroes
000300044B4E494A,Atesuto ni Narou! - Minna no Nurie Inu-Hen
000300044B4E4A4A,Atesuto ni Narou! - Minna no Nurie Joukyuu
000300044B4E4B4A,Ideyou Sukeno - Kenkou Maja Dsi
000300044B4E4C45,myNotebook Red
000300044B4E4C56,myNotebook Red
000300044B4E4D4A,Atesuto ni Narou! - Minna no Nurie Myusha-Hen
000300044B4E4F4A,Joshikou Dasshu
000300044B4E5045,Need For Speed Nitro-X
000300044B4E5056,Need For Speed Nitro-X
000300044B4E5243,Yixia Xia Nao Nianling DSi Duanlian - Suanshu Pian
000300044B4E5245,Brain Age Express Math
000300044B4E5248,Even Tijd Voor... Brain Training - Cijfers en Sommen
000300044B4E524A,Chotto nou o Kitaeru Otona no DSi Toreningu Rikei-Hen
000300044B4E524B,Jamkkan! Ganpyeon! Dunoe Teureining
000300044B4E5256,A Little Bit of... Brain Training - Maths Edition
000300044B4E534A,DS Kokoro Nurie
000300044B4E544A,Narikyara - Naruto - Naruto-Shippuden
000300044B4E5550,Pucca - Noodle Rush
000300044B4E564A,Nekori Bashi
000300044B4E5745,"3, 2, 1... WordsUp!"
000300044B4E5750,"3, 2, 1... WordsUp!"
000300044B4E5945,Moke Moke
000300044B4E594A,Moke Moke
000300044B4E5A45,G.G Series - Zone
000300044B4F3256,Where's Wally The Fantastic - Journey - Travel Pack 2
000300044B4F3356,Where's Wally The Fantastic - Journey - Travel Pack 3
000300044B4F3445,Oscar in Movieland
000300044B4F3456,Oscar in Movieland
000300044B4F354A,Sokuren Keisa - Shougaku 5 Nensei
000300044B4F364A,Sokuren Keisa - Shougaku 6 Nensei
000300044B4F374A,Sokuren Keisa - Nanmon-Hen
000300044B4F384A,Odeka Ketakori
000300044B4F3945,Oscar's World Tour
000300044B4F3950,Oscar's World Tour
000300044B4F414A,Kyou Kara Hajimeru Fuisuningu - 1 Sukkiri Kogao Kosu
000300044B4F424A,Kyou Kara Hajimeru Fuisuningu - 2 Sutekina Egao Kosu
000300044B4F434A,Kyou Kara Hajimeru Fuisuningu - 3 Wakawakashii Kao Kosu
000300044B4F444A,Kyou Kara Hajimeru Fuisuningu - 4 Me to Kuchi no Kenkou Kosu
000300044B4F454A,Kyou Kara Hajimeru Fuisuningu - 5 Kao no Rifuresshu Kosu
000300044B4F4645,Lola's Fruit Shop Sudoku
000300044B4F4650,Lola's Fruit Shop Sudoku
000300044B4F4745,G.G Series - Super Hero Ogre
000300044B4F474A,G.G Shirizu - Chouhiro Ouga
000300044B4F474B,G.G Sirijeu - Super Hero Ogre
000300044B4F4750,Fatal Blow - GO Series
000300044B4F484A,Kigaru ni Oekaki Koubou
000300044B4F4956,Where's Wally The Fantastic - Journey - Travel Pack 1
000300044B4F4A4B,Naeireun Taeksiwang - Innaneun Daeguyeohaeng
000300044B4F4B45,1001 Crystal Mazes Collection
000300044B4F4B50,1001 Crystal Mazes Collection
000300044B4F4C4A,Osero
000300044B4F4E4A,Koneko no ie - Kiri Shima Keto-San Biki no Koneko
000300044B4F4F4A,Himitsu no Ooku
000300044B4F504A,Nokkuau to Pi Puruzu
000300044B4F5145,Portable Shrine Wars - GO Series
000300044B4F514A,Omiko Shiuzu
000300044B4F5150,Portable Shrine Wars - GO Series
000300044B4F5245,"Oregon Trail, The"
000300044B4F534A,Oshiete Dari
000300044B4F534B,Gareuchyeojwodalling
000300044B4F5445,Oscar in Toyland
000300044B4F5450,Oscar in Toyland
000300044B4F5545,Double Bloob
000300044B4F5550,Double Bloob
000300044B4F5745,Surfacer+
000300044B4F5750,Surfacer+
000300044B4F5845,Moto eXtreme
000300044B4F5856,Moto eXtreme
000300044B4F5945,Oscar in Toyland 2
000300044B4F5950,Oscar in Toyland 2
000300044B4F5A4A,G.G Shirizu - Chouhiro Ouga 2
000300044B503245,Petz Dogz - Family
000300044B503256,Petz Dog - Superstar
000300044B503345,Petz Hamsterz - Family
000300044B503356,Petz Hamster - Superstar
000300044B503545,Petz Catz - Family
000300044B503556,Petz Cat - Superstar
000300044B503643,Niao he Dou
000300044B503645,Bird + Beans
000300044B50364A,Tori to Mame
000300044B50364B,Saekong-Alkong
000300044B503656,Pyoro
000300044B503745,Alien Puzzle Adventure
000300044B503756,Alien Puzzle Adventure
000300044B503845,Peg Solitaire
000300044B503850,Peg Solitaire
000300044B503945,Paul's Monster Adventure
000300044B50394A,Aru to Harapeko Monsuta
000300044B504145,"Kappa's Trail, A"
000300044B50414A,Kappa Michi
000300044B504244,Photo Dojo
000300044B504245,Photo Dojo
000300044B504246,Photo Dojo
000300044B504249,Photo Dojo
000300044B50424A,Shashin de Kakutou! - Futofuita-X
000300044B504253,Photo Dojo
000300044B504256,Photo Dojo
000300044B504345,Animal Puzzle Adventure
000300044B50434A,O Tegaru Pazuru Shirizu - Chiria no Doubutsu Goya
000300044B504356,Animal Puzzle Adventure
000300044B504450,Puzzle to Go - Wildlife
000300044B504645,Pop Island - Paperfield
000300044B504650,Pop Island - Paperfield
000300044B504745,Did It Myself - ABC123
000300044B504845,Prehistorik Man
000300044B50484A,Zekkyou Genshiji - Samu no Daibouken
000300044B504856,Prehistorik Man
000300044B504945,Pop+ Solo
000300044B504956,Pop+ Solo
000300044B504A45,Paul's Shooting Adventure
000300044B504A4A,Adobencha Kizzu - Poru no Bouken
000300044B504B45,Petz Kittens
000300044B504B56,Petz Nursery
000300044B504C45,Puzzle Rocks
000300044B504C50,Puzzle Rocks
000300044B504D4A,Ponjan
000300044B504E45,Puzzle League - Express
000300044B504E4A,Chotto Paneru de Pon
000300044B504E56,A Little Bit of... - Puzzle League
000300044B504F45,American Popstar - Road to celebrity
000300044B504F4A,Aidoru Naitsu
000300044B504F56,Pop Superstar - Road to celebrity
000300044B505045,Pop Island
000300044B505050,Pop Island
000300044B505145,Picdun - GO Series
000300044B50514A,Danjo RPG - Pikudan
000300044B505150,Picdun - GO Series
000300044B505256,"Price Is Right, The"
000300044B50534A,Phantasy Star 0 Mini
000300044B505445,Link 'n' Launch
000300044B50544A,Paneru Renketsu 3 Punroketto
000300044B505456,Link 'n' Launch
000300044B505550,Puzzle to Go - Diddl
000300044B50574A,Panewa!
000300044B505945,Pinball Attack! - GO Series
000300044B50594A,Pinboru Atakku!
000300044B505950,Pinball Attack! - GO Series
000300044B505A45,Puzzle Quest - Challenge of the Warlords
000300044B505A56,Puzzle Quest - Challenge of the Warlords
000300044B51324A,G.G Shirizu - Shinobi Karakuri-Den 2
000300044B51334A,Little Twin Stars -
000300044B51344A,Maimero de to - Minna no Nurie
000300044B513645,Spin Six
000300044B51364A,Kuru Kuru Akushon - Kuru Pachi 6
000300044B513656,Spin Six
000300044B51374A,Fushigina Ten Tsunagi - Chuusei Meruhenhe
000300044B51384A,Fushigina Ten Tsunagi Shouwa - Yojouhan Monogatari-Hen
000300044B513945,Zelda Four Swords - Anniversary Edition
000300044B51394A,Zeruda no Densetsu 4ttsu no Tsurugi - 25th Kinen' Edeshon
000300044B513956,Zelda Four Swords - Anniversary Edition
000300044B514145,Arctic Escape
000300044B51414A,Pengin Dai Dasshutsu
000300044B514150,Arctic Escape
000300044B514245,Box Pusher
000300044B514250,Box Pusher
000300044B51434A,Aquarium With Kurokku
000300044B514445,Music on Drums
000300044B51444A,Anata no Raku Raku - Doramu Mashin
000300044B514456,Music on Drums
000300044B514545,Slingo Quest
000300044B51494A,Hajimete no mo Jiren Shuu
000300044B514A4A,Aru Seishun no Monogatari - Kouenji Joshi Sakka
000300044B514B45,Ace Mathician
000300044B514B56,Ace Mathician
000300044B514C4A,Chuukara! Dairoujou
000300044B514E45,Castle Conqueror - Revolution
000300044B514E4A,Ose Ose! Kyassuru Hirozu - Kaku Meihen
000300044B514E56,Castle Conqueror - Revolution
000300044B514F45,Castle Conqueror - Against
000300044B514F56,Castle Conqueror - Against
000300044B515045,Crazy Chicken Pirates
000300044B515050,Crazy Chicken Pirates
000300044B515145,Crystal Caverns of Amon-Ra
000300044B51514A,Amenra no - Kurisutaru dou Kutsu
000300044B515150,Crystal Caverns of Amon-Ra
000300044B515245,Remote Racers
000300044B515256,Remote Racers
000300044B515645,Bookstore Dream
000300044B51564A,Bukku Suto Adorimu
000300044B515656,Bookstore Dream
000300044B51574A,Sekai Tanken - Kokki Warudo Mappu 2012
000300044B51584A,Fushigina Ten Tsunagi - Edo Risshin Shusse-Hen
000300044B51594A,Hello Kitty no - Minna no Nurie
000300044B515A45,Crazy Chicken Director's Cut
000300044B515A50,Crazy Chicken Director's Cut
000300044B52324A,Poketto Rurubu - Kyouto
000300044B52334A,Poketto Rurubu - Hokkaido
000300044B52344A,Poketto Rurubu - Okinawa
000300044B52354A,Poketto Rurubu - Osaka
000300044B52364A,Poketto Rurubu - Yokohama Kamakura
000300044B52374A,Poketto Rurubu - Kobe
000300044B52384A,Poketto Rurubu - Nagoya
000300044B52394A,Poketto Rurubu - Izu Hakone
000300044B524156,City Transport Map - Volume 1 - 2009
000300044B524256,City Transport Map - Volume 2 - 2009
000300044B524345,Real Crimes - Jack the Ripper
000300044B524356,Real Crimes - Jack the Ripper
000300044B524445,Armada
000300044B52454A,ACT Shirizu - Tangochou - Nikkan-Hen
000300044B524645,Divergent Shift
000300044B524656,Divergent Shift
000300044B524743,Liti Yincang Hua - Tonghua Xun Zong Ji
000300044B524745,Looksley's - Line Up
000300044B52474A,Rittai Kakushie - Atta Koreda
000300044B52474B,Ipche Sumeun Geurim Chatgi - At! Boyeotda
000300044B524756,Tales in a Box
000300044B524845,Retro Keyboard
000300044B524856,Retro Keyboard
000300044B52494A,Poketto Rurubu - Tokyo
000300044B524A45,5 in 1 Mahjong
000300044B524A50,5 in 1 Mahjong
000300044B524B45,Rytmik
000300044B524B4A,ARC Style - Rizu Mikkusu
000300044B524B56,Rytmik
000300044B524C45,Roller Angels
000300044B524C4A,Rora Enjirusu - Pashatto Dai Sakusen
000300044B524D45,Rayman
000300044B524D56,Rayman
000300044B524E45,Rocks N' Rockets
000300044B524E56,Rocks N' Rockets
000300044B52504A,RPG Dasshutsu Gemu
000300044B525145,Rytmik Rock Edition
000300044B525156,Rytmik Rock Edition
000300044B525245,Robot Rescue 2
000300044B525250,Robot Rescue 2
000300044B52534A,Rikishi
000300044B525445,Robot Rescue
000300044B52544A,ARC Style - Robotto Resukyu
000300044B525456,Robot Rescue
000300044B525545,Rummikub - Games Factory Online
000300044B525550,Rummikub - Games Factory Online
000300044B525645,Hip Hop King - Rytmik Edition
000300044B525656,Hip Hop King - Rytmik Edition
000300044B525745,Sea Battle
000300044B52574A,Kaisen Gemu - Redau
000300044B525750,Sea Battle
000300044B52584A,Poketto Rurubu - Shinshu
000300044B525A45,Supermarket Mania
000300044B525A56,Supermarket Mania
000300044B53324A,Riaru Sakka 2010
000300044B533345,Shantae - Risky's Revenge
000300044B533350,Shantae - Risky's Revenge
000300044B533450,Simply Sudoku
000300044B533945,Real Soccer 2009
000300044B53394A,Riaru Sakka 2009
000300044B533956,Real Football 2009
000300044B534145,Arcade Hoops
000300044B534245,Spaceball Revolution
000300044B534256,Spaceball Revolution
000300044B534345,Sudoku Challenge!
000300044B534350,Sudoku Challenge!
000300044B534445,G.G Series - Dark Spirits
000300044B53444A,G.G Shirizu - Dark Spirits
000300044B534450,Dark Spirits - GO Series
000300044B534543,Genzhuo Jiezou Duanlian Man Dangdang Yingyu - Jiandan Huihua Pian
000300044B53454A,Rizumu de Kitaeru Eigozuke - Yasashii Kaiwa-Hen
000300044B534550,New English Training Apprenez - Le Bon Tempo - Pour Debutants
000300044B534645,Fantasy Slots
000300044B534750,Pocket Pack Strategy Games
000300044B534845,Sudoku Student
000300044B53484A,Sudoku Shokyuu 50mo!
000300044B534856,Sudoku 50! - For Beginners
000300044B534945,Scrabble - Classic
000300044B534A45,Shawn Johnson Gymnastics
000300044B534B45,Soul of Darkness
000300044B534B4A,Souru Obu Dakunesu
000300044B534B56,Soul of Darkness
000300044B534C43,Zhipai DSi
000300044B534C45,Touch Solitaire
000300044B534C4A,Soritea DSi
000300044B534C56,2-in-1 Solitaire
000300044B534D45,Sudoku Master
000300044B534D4A,Sudoku 150!
000300044B534D56,Sudoku 150! - For Challengers
000300044B534F45,Sokomania
000300044B534F50,Sokomania
000300044B535043,Miao Miao Zhong Zhong!
000300044B535045,Spotto!
000300044B53504A,Neratte Supotto!
000300044B53504B,Deonjyeoseo Ssok! Yuryeong Toechi
000300044B535056,Bird Bombs
000300044B535145,Anne's Doll Studio - Tokyo Collection
000300044B535245,Aura-Aura Climber
000300044B53524A,Sukai Janpa Soru
000300044B535256,Aura-Aura Climber
000300044B535345,Scrabble - Slam!
000300044B535445,Scrabble - Tools
000300044B535543,Shuzhen Duizhan
000300044B535545,Number Battle
000300044B53554A,Chotto Sujin Taisen
000300044B535556,Sujin Taisen - Number Battles
000300044B535645,Sokomania 2 - Cool Job
000300044B535650,Sokomania 2 - Cool Job
000300044B535745,SteamWorld Tower Defense
000300044B535756,SteamWorld Tower Defense
000300044B53584A,Sepasu Channeru
000300044B535945,System Flaw Recruit
000300044B535950,System Flaw Recruit
000300044B543245,G.G Series - Horizontal Bar
000300044B54324A,G.G Shirizu - Tetsubou
000300044B543250,Let's Swing - GO Series
000300044B543345,Academy Tic-Tac-Toe
000300044B543356,Academy Tic-Tac-Toe - Noughts and Crosses
000300044B54344A,At Enta! - Taisen Shougi 2
000300044B543545,Topoloco
000300044B543550,Topoloco
000300044B543845,Tower of Deus - GO Series
000300044B54384A,Iza! Kake Agare! - Tawao bu Goddo
000300044B543850,Tower of Deus - GO Series
000300044B543945,Kung Fu Dragon
000300044B54394A,Akushon Gemu - Tobeyo!! Dorago!
000300044B543950,Kung Fu Dragon
000300044B544145,G.G Series - D-Tank
000300044B54414A,G.G Shirizu - D-Tank
000300044B54414B,G.G Sirijeu - D-Tank
000300044B544150,D-Tank - GO Series
000300044B544243,Yixia Xia Ming Liu Daquan - Jingdian Zhongwen
000300044B54424A,Chotto Asobitaizen - Onajimi Teburu
000300044B54424B,Simsimtalchul Geimjeonjip - Jaemipangpang Pyeon
000300044B544250,A Little Bit of... All-Time - Classics Strategy Games
000300044B544354,Clubhouse Games Express - Family Favorites
000300044B544454,Clubhouse Games Express - Strategy Pack
000300044B544545,Tetris Party Live
000300044B544556,Tetris Party Live
000300044B544645,4 Travellers - Play French
000300044B544650,4 Travellers - Play French
000300044B544655,4 Travellers - Play French
000300044B54474A,Neko no Irutan Guramu
000300044B544845,Ante Up Texas Hold'em
000300044B544945,Turn - The Lost Artifact
000300044B544A4A,At Enta! - Taisen Maja 2
000300044B544B4A,Kame nin Machanto!
000300044B544C45,Stratego - Next Edition
000300044B544D4A,Korogashi Pazuru - Katamari Damacy
000300044B544E4A,Katanuki
000300044B545043,Yixia Xia Ming Liu Daquan - Qingsong Xiuxian
000300044B54504A,Chotto Asobi Taizen - Otegaru Toranpu
000300044B54504B,Simsimtalchul Geimjeonjip - Matgogoseutop Pyeon
000300044B545050,A Little Bit of... All-Time - Classics Family Games
000300044B54514A,Otegaru Shashin Memo
000300044B545243,Yixia Xia Ming Liu Daquan - Zhiyong Shuangquan
000300044B54524A,Chotto Asobi Taizen - Jikkuri Toranpu
000300044B54524B,Simsimtalchul Geimjeonjip - Heungmijinjin Pyeon
000300044B545250,A Little Bit of... All-Time - Classics Card Classics
000300044B545254,Clubhouse Games Express - Card Classics
000300044B545345,4 Travellers - Play Spanish
000300044B545350,4 Travellers - Play Spanish
000300044B545355,4 Travellers - Play Spanish
000300044B545545,Nintendo DSi - Instrument Tuner
000300044B54554A,Nintendo DSi - Gakki Chuna
000300044B54564A,Otegaru Pazuru Shirizu - Yurito Fushigina Meikyuu
000300044B545745,Thorium Wars
000300044B545750,Thorium Wars
000300044B545845,High Stakes Texas Hold'em
000300044B54584A,4 Ninde Taisen!! - Texas Hold'em
000300044B545856,High Stakes Texas Hold'em
000300044B54594A,Kaiten' Irasuto Pazuru - Guru Guru Rojikku
000300044B545954,Snapdots
000300044B545A4A,Mappu Mappu - By Gotouchi Kentei DS
000300044B55324A,Punito 20 no Asobiba
000300044B553345,Working Dawgs Rivets
000300044B55344A,Sorao Kakeru Shoujo Shutengu
000300044B553545,Armageddon - Operation Dragon
000300044B553550,Armageddon - Operation Dragon
000300044B55364A,Necromancer - Nightmare Reborn
000300044B553745,Fashion Tycoon
000300044B553750,Fashion Tycoon
000300044B55384A,Sekai Tanken - Kokki Warudo Mappu 3
000300044B553945,G.G Series - Nyokki
000300044B55394A,G.G Shirizu - Nyokki
000300044B554145,Amoebattle
000300044B554245,Ubongo
000300044B554250,Ubongo
000300044B554345,Chuck E Cheese's - Arcade Room
000300044B55444A,Ugoite Asobu Daietto
000300044B55474A,G.G Shirizu - Dorifuto Sakitto 2
000300044B554945,Decathlon 2012
000300044B554950,Decathlon 2012
000300044B554A45,"Lost Town, The - The Jungle"
000300044B554A4A,"Lost Town, The - The Jungle"
000300044B554A56,"Lost Town, The - The Jungle"
000300044B554B45,Jewel Legends - Tree of Life
000300044B554D45,Quick Fill Q
000300044B554D4A,Anaume Pazuru Gemu Q
000300044B554D50,Quick Fill Q
000300044B554E45,UNO
000300044B554E4A,UNO
000300044B554E56,UNO
000300044B554F45,Puzzler World XL
000300044B555045,Match Up!
000300044B555050,Match Up!
000300044B555145,Chuck E Cheese's - Alien Defense Force
000300044B555245,I Must Run!
000300044B55524A,Ai Masuto Ran!
000300044B555250,I Must Run!
000300044B555345,Paul's Shooting Adventure 2
000300044B55534A,Adobencha Kizzu 2 - Poru no Dai Bouken
000300044B55544A,Hyakunin' Isshu - Chotto DSi Shigureden
000300044B555645,Bloons TD 4
000300044B555650,Bloons TD 4
000300044B555743,Zhao Zhao Wa Li Ou Zhizao
000300044B555745,WarioWare Snapped!
000300044B55574A,Utsusu Meido In Wario
000300044B55574B,Jjigeora Meideu In Wario
000300044B555756,WarioWare Snapped!
000300044B55584A,Keibadou Uma no Suke 2012
000300044B563245,Anonymous Notes 2 - From The Abyss
000300044B56324A,Anonymous Notes 2 - From The Abyss
000300044B563250,Anonymous Notes 2 - From The Abyss
000300044B563345,Anonymous Notes 3 - From The Abyss
000300044B56334A,Anonymous Notes 3 - From The Abyss
000300044B563445,Anonymous Notes 4 - From The Abyss
000300044B56344A,Anonymous Notes 4 - From The Abyss
000300044B563945,Mysterious Stars - The Singer
000300044B564345,Curling Super Championship
000300044B564350,Curling Super Championship
000300044B564545,G.G Series - Vertex
000300044B56454A,G.G Shirizu - Vertex
000300044B56464A,Kuizu Ongaku Nojika
000300044B564745,Adventure in Vegas - Slot Machine
000300044B56474A,Rasu Begasu no Bouken - Surotto Mashin
000300044B564756,Adventure in Vegas - Slot Machine
000300044B564845,Crazy Hunter
000300044B564850,Crazy Hunter
000300044B564945,Anonymous Notes 1 - From The Abyss
000300044B56494A,Anonymous Notes 1 - From The Abyss
000300044B564950,Anonymous Notes 1 - From The Abyss
000300044B564B45,Viking Invasion
000300044B564B56,Viking Invasion
000300044B564C45,Clash of Elementalists
000300044B564C4A,Batoru Obu Erementaru
000300044B564C50,Clash of Elementalists
000300044B564D4A,200 Vmaja - Charen Ji Supirittsu
000300044B564F56,Hello Flowerz
000300044B565045,Valet Parking 1989
000300044B565056,Valet Parking 1989
000300044B565145,G.G Series - Great Whip Adventure
000300044B56514A,G.G Shirizu - Uppa no Daibouke
000300044B565345,Aahh! Spot the Difference
000300044B56534A,Atta! - Supotto za Defurensu
000300044B565350,Aahh! Spot the difference
000300044B565445,VT Tennis
000300044B565456,VT Tennis
000300044B565545,ATV Fever
000300044B565645,Chronicles of Vampires - Awakening
000300044B565745,Chronicles of Vampires - Origins
000300044B565845,Cat Frenzy
000300044B56584A,Peakvox Myuu Myuu Chanba
000300044B565850,Cat Frenzy
000300044B57344A,"Tower DS, The - Shoppingu Senta"
000300044B573645,Word Searcher III
000300044B573845,Word Searcher IV
000300044B574243,iQue DSi Shizhong - Hong Bai Ji Mali Ou Kuan
000300044B574245,Mario Clock
000300044B57424A,Nintendo DSi Tokei - Fumikon Mario Taipu
000300044B574256,Mario Clock
000300044B574343,iQue DSi Shizhong - Dongwu Senlin Kuan
000300044B574345,Animal Crossing Clock
000300044B57434A,Nintendo DSi Tokei - Doubutsu no Mori Taipu
000300044B574356,Animal Crossing Clock
000300044B574443,iQue DSi Shizhong - Xiang Jia Kuan
000300044B574445,Photo Clock
000300044B57444A,Nintendo DSi Tokei - Futo Sutando Taipu
000300044B574456,Photo Clock
000300044B574643,iQue DSi Jisuan Qi - Hongbai Ji Mali Ou Kuan
000300044B574645,Mario Calculator
000300044B57464A,Nintendo DSi Dentaku - Fumikon Mario Taipu
000300044B574656,Mario Calculator
000300044B574743,iQue DSi Jisuan Qi - Dongwu Senlin Kuan
000300044B574745,Animal Crossing Calculator
000300044B57474A,Nintendo DSi Dentaku - Doubutsu no Mori Taipu
000300044B574756,Animal Crossing Calculator
000300044B574B45,Mega Words
000300044B574B50,Mega Words
000300044B574C45,G.G Series - Wonder Land
000300044B574C4A,G.G Shirizu - Wonder Land
000300044B574C4B,G.G Sirijeu - Wonder Land
000300044B574D45,Magical Whip
000300044B574D4A,Akushon Gemu - Majikaruuppu
000300044B574D50,Magical Whip
000300044B574E50,Pocket Pack Words Numbers
000300044B574F45,WPT Texas Hold 'Em
000300044B574F50,WPT Texas Hold 'Em
000300044B57504A,Chuuga Kukihon' Eitango - Wado Pazuru
000300044B57504B,Gibonyeongdaneo - Wodeu Peojeul
000300044B575145,Whack-A-Friend
000300044B57514A,Pashatto Bashitto - Whack a Friend
000300044B575245,Word Searcher II
000300044B575345,Word Searcher
000300044B575350,Word Searcher
000300044B575445,Defense Wars - GO Series
000300044B57544A,Uchi Makure! Tatchi Pen' Uzu
000300044B575450,Defence Wars - GO Series
000300044B575544,Sudoku Kakuro - Welt Edition
000300044B57564A,"Tower DS, The - Hoteru"
000300044B57574A,"Tower DS, The - Kurashikku"
000300044B575945,Mighty Milky Way
000300044B57594A,Maite Miruki Ui
000300044B575950,Mighty Milky Way
000300044B583245,Cosmos X2
000300044B583250,Cosmos X2
000300044B583345,Just Sing! - Christmas Vol.3
000300044B583350,Just Sing! - Christmas Vol.4
000300044B583445,Come On! Dragons
000300044B583450,Come On! Dragons
000300044B583545,SnowBoard Xtreme
000300044B583550,SnowBoard Xtreme
000300044B583645,Wizard Defenders
000300044B583650,Wizard Defenders
000300044B58374A,Pazuru Iro Iro - Gekkan Kurosu Wado Hausu Vol. 1
000300044B58384A,Pazuru Iro Iro - Gekkan Kurosu Wado Hausu Vol. 2
000300044B58394A,Pazuru Iro Iro - Gekkan Kurosu Wado Hausu Vol. 3
000300044B584145,Pirates Assault
000300044B58414A,Pairetsu Asaruto
000300044B584156,Pirates Assault
000300044B584245,Monster Buster Club
000300044B584250,Monster Buster Club
000300044B584345,Castle Conqueror - Heroes 2
000300044B58434A,Castle Conqueror - Heroes 2
000300044B584356,Castle Conqueror - Heroes 2
000300044B584445,Crystal Adventure
000300044B584450,Crystal Adventure
000300044B584545,Escape the Virus - Swarm Survival
000300044B58454A,Peakvox Esuke Puuirusu - Nomaru Pakku
000300044B584550,Escape the Virus - Swarm Survival
000300044B584645,Color Commando
000300044B584650,Color Commando
000300044B584745,Abyss
000300044B584750,Abyss
000300044B584845,Extreme Hangman 2
000300044B584856,Extreme Hangman 2
000300044B584945,101 MiniGolf World
000300044B584950,101 MiniGolf World
000300044B584A45,I Am In the Movie
000300044B584A50,I Am In the Movie
000300044B584B45,Goony
000300044B584B50,Goony
000300044B584C45,Telegraph Sudoku Kakuro
000300044B584C50,Telegraph Sudoku Kakuro
000300044B584D45,Just Sing! - Christmas Vol.2
000300044B584D50,Just Sing! - Christmas Vol.3
000300044B584E4A,Akuseru Naitsu - Nagatame Ware Haken' O Toru
000300044B584F45,18th Gate
000300044B584F56,18th Gate
000300044B585045,90's Pool
000300044B585050,90's Pool
000300044B585145,Telegraph Crosswords
000300044B585150,Telegraph Crosswords
000300044B585245,Retro Pocket
000300044B585250,Retro Pocket
000300044B585345,Escape the Virus - Shoot'em Up!
000300044B58534A,Peakvox Esuke Puuirusu - Shuta Pakku
000300044B585350,Escape the Virus - Shoot'em Up!
000300044B585445,99 Seconds
000300044B585450,99 Seconds
000300044B585545,Publisher Dream
000300044B58554A,Paburissha Dorimu
000300044B585550,Publisher Dream
000300044B585745,Christmas Wonderland
000300044B585750,Christmas Wonderland
000300044B58584A,Pazuru Iro Iro - Gekkan Kurosu Wado Hausu Vol. 4
000300044B58594A,Pazuru Iro Iro - Gekkan Kurosu Wado Hausu Vol. 5
000300044B585A4A,Pazuru Iro Iro - Gekkan Kurosu Wado Hausu Vol. 6
000300044B59334A,Kuniyaburete-San Ga Ari
000300044B593445,Rhythm Core Alpha 2
000300044B593456,Rhythm Core Alpha 2
000300044B593550,Jewel Match
000300044B593645,Mysterious Stars - A Fairy Tale
000300044B593745,Mysterious Stars - The Samurai
000300044B593845,Anne's Doll Studio - Antique Collection
000300044B59384A,Atorie Deko Ra Doru - Anteku
000300044B593850,Anne's Doll Studio - Antique Collection
000300044B59394A,At Supotsu! - Puroyakyuu 2011
000300044B59414A,Aro Obu Rapyuta
000300044B594245,Face Pilot
000300044B59424A,Kamera De Asobu Kao Guraida
000300044B594256,Face Pilot
000300044B59434A,Kyara Pasha! - Shinamororu
000300044B594545,Puzzler Brain Games
000300044B594745,Puzzler World 2013
000300044B594845,Rytmik World Music
000300044B594856,Rytmik World Music
000300044B594945,myDiary
000300044B594956,myDiary
000300044B594A45,Jewel Adventures
000300044B594B4A,Kyara Pasha! - Harokite
000300044B594C45,Make Up Style
000300044B594C50,Make Up Style
000300044B594E45,Cake Ninja Xmas
000300044B594E50,Cake Ninja Xmas
000300044B594F4A,A Kumu no Youkai Mura
000300044B595045,1st Class Poker BlackJack
000300044B595050,1st Class Poker BlackJack
000300044B595245,Rytmik Retrobits
000300044B59524A,Rizumikku Sureto Robittsu
000300044B595256,Rytmik Retrobits
000300044B595345,Spot the Difference
000300044B59534A,Atama IQ Panikku
000300044B595350,Spot the Difference
000300044B595545,Yummy Yummy Cooking Jam
000300044B595556,Yummy Yummy Cooking Jam
000300044B595745,Working Dawgs Pipes
000300044B595945,Tangrams
000300044B5A324A,G.G Shirizu - Z One 2
000300044B5A334A,Atama o Yoku Suru Anzan DS - Zou no Hana Fuusen
000300044B5A3445,Blockado - Puzzle Island
000300044B5A3645,AfterZoom
000300044B5A364A,Mikuro no Seimeitai
000300044B5A3650,AfterZoom
000300044B5A3745,Tales to Enjoy! - The Three Little Pigs
000300044B5A3845,Tales to Enjoy! - The Ugly Duckling
000300044B5A394A,Chiri Kuizu - Shouga Kusei
000300044B5A4145,Zenonia
000300044B5A4156,Zenonia
000300044B5A4245,Little Red Riding Hood's Zombie BBQ
000300044B5A4250,Little Red Riding Hood's Zombie BBQ
000300044B5A4345,Jump Trials Extreme
000300044B5A434A,Motto! - Shunkan Janpu Kentei
000300044B5A4545,Bounce Break
000300044B5A4550,Bounce Break
000300044B5A4645,Zoo Frenzy
000300044B5A464A,Doubutsuen' Otsu Kurou
000300044B5A4656,Zoo Frenzy
000300044B5A4745,Crazy Golf
000300044B5A4756,Crazy Golf
000300044B5A4845,Halloween Trick or Treat
000300044B5A4850,Halloween Trick or Treat
000300044B5A494B,Nyueiseu Teochi! Yeonghansajeon
000300044B5A4A45,G.G Series - Shadow Army
000300044B5A4A4A,G.G Shirizu - Shadow Army
000300044B5A4B4B,Nyueiseu Teochi! Hanyeongsajeon
000300044B5A4C45,Plants vs. Zombies
000300044B5A4C56,Plants vs. Zombies
000300044B5A4E4A,G.G Shirizu - Z One
000300044B5A4E4B,G.G Sirijeu - Z One
000300044B5A4F45,Undead Storm - GO Series
000300044B5A4F4A,Zongeri Panikku
000300044B5A4F50,Undead Storm - GO Series
000300044B5A5045,Pinball Pulse - The Ancients Beckon
000300044B5A5056,Pinball Pulse - The Ancients Beckon
000300044B5A5345,Zoonies - Escape from Makatu
000300044B5A5356,Zoonies - Escape from Makatu
000300044B5A5445,Zuma's Revenge!
000300044B5A5456,Zuma's Revenge!
000300044B5A5545,Tales to Enjoy! - Little Red Riding Hood
000300044B5A5645,Tales to Enjoy! - Puss in Boots
000300044B5A584A,Za Kurosu
000300044B5A5945,Zombie Skape
000300044B5A5950,Zombie Skape
000300044B5A5A45,Fizz
00030005484E4441,DS Download Play
00030005484E4945,Nintendo DSi Camera
00030005484E494A,Nintendo DSi Kamera
00030005484E4950,Nintendo DSi Camera
00030005484E4955,Nintendo DSi Camera
00030005484E4A45,Nintendo Zone
00030005484E4A4A,Nintendo Zon
00030005484E4A50,Nintendo Zone
00030005484E4A55,Nintendo Zone
00030005484E4B45,Nintendo DSi Sound
00030005484E4B4A,Nintendo DSi Saundo
00030005484E4B50,Nintendo DSi Sound
00030005484E4B55,Nintendo DSi Sound
0003000F484E4341,WiFi Firmware
0003000F484E4841,Nintendo DS Cart Whitelist
0003000F484E4C43,Version Data
0003000F484E4C45,Version Data
0003000F484E4C4A,Version Data
0003000F484E4C4B,Version Data
0003000F484E4C50,Version Data
0003000F484E4C55,Version Data
00030015484E4243,Zhuji Shezhi
00030015484E4245,System Settings
00030015484E424A,Hontai Settei
00030015484E424B,Bonche Seoljeong
00030015484E4250,System Settings
00030015484E4255,System Settings
00030015484E4643,iQue DSi Shangdian
00030015484E4645,Nintendo DSi Shop
00030015484E464A,Nintendo DSi Shoppu
00030015484E464B,Nintendo DSi Syop
00030015484E4650,Nintendo DSi Shop
00030015484E4655,Nintendo DSi Shop
00030015484E4F45,Nintendo 3DS Transfer Tool
00030015484E4F4A,Nintendo 3DS Heno Hikkoshi
00030015484E4F4B,Nintendo 3DS Ro Isa
00030015484E4F50,Nintendo 3DS Transfer Tool
00030015484E4F55,Nintendo 3DS Transfer Tool
00030017484E4143,System Menu
00030017484E4145,System Menu
00030017484E414A,System Menu
00030017484E414B,System Menu
00030017484E4150,System Menu
00030017484E4155,System Menu
